name	address	municipality	century	buildingType	constructionYear	builder	architecturalStyle	history	currentUse	currentState	coordinates	conservationMeasures	milestones	testimonies	authorName	documentationDate
Iglesia Nacional Presbiteriana de México. Rey de Paz.	Calle Mariano Matamoros 202, Centro de Linares, 67700 Linares, N.L.	Linares	XIX	Histórico
Casa Habitación 	Zaragoza 128, Santiago, 67310 Santiago, N.L.	Santiago 	XIX 	Histórico 					Estacionamiento $50 el dia, solo dejaron la fachada
Templo de San Juan Bautista de Cadereyta	C. Mutualismo 101, Sin Nombre de Col 1, 67450 Cadereyta Jiménez, N.L.	Cadereyta	XVIII	Histórico	1863.0			"El Templo de San Juan Bautista, ubicado en Cadereyta Jiménez, Nuevo León, es una de las estructuras más emblemáticas y antiguas de la región. Este recinto es uno de los tres más antiguos de toda la arquidiócesis de Monterrey. Es considerado por expertos en arte sacro y arquitectura como una auténtica joya en muchos aspectos. Sorprendentemente, a pesar de la complejidad y belleza de su diseño, la cimentación, muros y bóvedas fueron construidos por maestros albañiles, que podrían haber sido originarios de Cadereyta, y a quienes se les describe como ""burdos"" en el arte de la construcción (Catedrales e Iglesias/Cathedrals and Churches 2011: 1).

La estructura del templo es de estilo romano, caracterizada por su sólida construcción. En su interior, los visitantes pueden admirar un decorado exquisito y detallado. El plano original de la Iglesia de la Villa de San Juan Bautista de Cadereyta del Nuevo Reino de León se levantó el 19 de junio de 1762, bajo la orden de Don Miguel de la Garza, quien en aquel entonces era Alcalde Mayor y Capitán General de esta Villa (Catedrales e Iglesias/Cathedrals and Churches 2011: 2).

Aunque la erección canónica de la Parroquia San Juan Bautista data del año 1714, la construcción física del templo no comenzó sino hasta el año 1763. La edificación se completó en 1863, cien años después, aunque quedaban algunos detalles por afinar (Catedrales e Iglesias/Cathedrals and Churches 2011: 3).

Este majestuoso templo se asienta sobre un terreno que fue concedido por el entonces gobernador Don Carlos de Velasco. Esta ubicación le permite tener una vista directa hacia la plaza municipal en dirección al poniente. Con dimensiones de 69 x 36 metros, la iglesia fue construida utilizando piedra y mezcla. Las siete imponentes bóvedas que componen la nave en forma de cruz romana alcanzan una altura de 13 metros. Por otro lado, la cúpula, construida con jarros de barro, se eleva 10 metros adicionales. Esta estructura se sostiene gracias a 20 robustas columnas que, reforzadas con contrafuertes y anclajes de hierro sólido, otorgan al recinto un estilo distintivo que fusiona elementos romanos y góticos (Catedrales e Iglesias/Cathedrals and Churches 2011: 4)."	Iglesia Católica	Templo	25.591192745364076, -100.00022489271373				Ehecatl Orrante Sandoval	2023-10-31
Casa Habitación	C. José María Morelos Y Pavon 401, Centro de Allende, 67350 Cd de Allende, N.L.	Allende 	XIX	Cultural				Fue construida a principios del siglo XX por la familia Taméz, quienes edificaron las cuatro casas (incluyendo ésta) que rematan las cuatro esquinas en el crucero de las calles Morelos y Guillermo Prieto.	Casa Habitación	Se conserva la fachada original	25.28137299646586, -100.02334098641207
Casa Habitación	C. Benito Juárez 135, El Cercado, 67320 Santiago, N.L.	Santiago 	XIX 	Histórico
Capilla de La Purísima	Valle Hidalgo (El Quemado), A 40 km. aproximadamente de la Carr. Cadereyta a Allende, desviación al Oriente	Cadereyta	XIX	Histórico				Fue propiedad de la familia Ferrara, de origen Italiano.							Ehecatl Orrante Sandoval	2023-11-14
Parroquia de Nuestra Señora de los Angeles	Mariano Escobedo 13, Centro de Aramberri, 67940 Aramberri, N.L.	Aramberri	XVIII	Histórico	1750.0		Estilo Franciscano 	"La Parroquia de Nuestra Señora de los Ángeles en Aramberri, Nuevo León, es un tesoro histórico que data de 1750. Este templo, caracterizado por un modesto estilo franciscano, se distingue por su simplicidad, careciendo de ornamentación ostentosa, a excepción de un delicado grafismo en el cuerpo central de la fachada.&nbsp;

En este, se aprecian jambas prolongadas y cornisas sutiles, así como algunos piñones adornando las esquinas, añadiendo un toque de elegancia discreta.

La parroquia consta de una nave principal que alberga un altar, mientras que a un lado se eleva un campanario con cúpula, conformando una composición armoniosa. La entrada de arco aporta un elemento de bienvenida, y la sencillez del conjunto refleja la espiritualidad y la autenticidad de este lugar de culto.

Este templo, con su historia que se remonta a más de dos siglos, se presenta como un testimonio humilde pero significativo de la fe y la devoción arraigadas en la comunidad de Aramberri, contribuyendo a la riqueza cultural y religiosa de la región."			24.10082550283877, -99.81683454504721
Casa Habitación	Zaragoza 106, 66350 Santa Catarina, N.L.	Santa Catarina	XX	Cultural							25.674340, -100.461747
Casa Habitación	Calle Miguel Hidalgo 25, 65150 Bustamante, N.L.	Bustamante	XIX	Histórico							26.533375707653864, -100.50255761735623
Panteón Municipal	Gonzalitos, 67480 Cadereyta Jiménez, N.L.	Cadereyta	XIX	Histórico							25.592118346500406, -100.02634628514096				Ehecatl Orrante Sandoval	2023-11-01
Estación Cadereyta	A 6 km. al Noreste de la cabecera, desviación por brecha 1.5 km	Cadereyta	XX	Conjunto Arquitectónico				"Estación edificada en terrenos donados por la municipalidad de Cadereyta para la construcción del Ferrocarril de Monterrey al Golfo al Señor Agapito García, por escritura de fecha 23 de mayo de 1889. La vía de Monterrey al Golfo, se constituyó por dos fracciones: una de General Treviño, Coah. a Monterrey, N.L. con longitud de 106 kilómetros y otra de Monterrey a Tampico, Tamps. con 518.640 kilómetros.&nbsp;

La construcción de este ferrocarril se inicio el 1º de octubre de 1888, concluyéndose los trabajos al llegar a Tampico, el 13 de septiembre de 1891. El Ferrocarril de Monterrey al Golfo tuvo tres conexiones: con el Ferrocarril Internacional Mexicano en la estación Gral. Treviño, con el Ferrocarril Nacional Mexicano en Monterrey y con el Ferrocarril Central Mexicano en Tampico.&nbsp;

Las obras de la vía Monterrey-Golfo se iniciaron en 1888, por una compañía belga, para el 6 de mayo de 1889 se abrió al servicio público el tramo entre Monterrey y Cadereyta. El primer gerente general de ferrocarril en el Estado fue el Sr. J. A. Robertson. (Censo de Estaciones de los Ferrocarriles Nacionales de México. M–0483)&nbsp;

En la fachada hay una inscripción ""1918"".&nbsp;"		Intacto	25.60728931847482, -99.98919470273925				Ehecatl Orrante Sandoval	2023-11-14
Casa Habitación	Independencia 103 y 105, 65150 Bustamante, N.L.	Bustamante	XIX	Histórico	1855.0			"El portón del numero 103, tiene labrados en la parte superior de cada hoja, dos escudos imperiales, el águila sobre el nopal con las alas abiertas, en la izquierda dice: ""Año D"" y en la derecha ""1855"""	Patrimonio Perdido	El inmueble fue demolido 	26.53401553793518, -100.50451159756916
Panteón Municipal	Calle Camino al Pantón S/N, Popular, 66008 García, N.L.	García	XIX	Histórico	1838.0		Neoclásico	"La construcción de este recinto funerario tuvo inicio en el año 1838 bajo la alcaldía de Don Ignacio Fernández. Si bien los primeros restos se depositaron alrededor de 1840, en una época marcada por diversas epidemias, la necesidad de reubicar el cementerio se hizo evidente.&nbsp;

Como respuesta, se trasladó al lugar que ocupa en la actualidad, dando origen al Panteón Hidalgo y su posterior expansión.

Es interesante destacar que, en tiempos anteriores, el camposanto tenía su ubicación en la zona que hoy alberga el Lienzo Charro, allá por el Siglo XVIII.&nbsp;

Este cambio de ubicación no solo refleja las circunstancias históricas y sanitarias de la época, sino también la evolución y adaptación de las estructuras urbanas a lo largo de los años."			25.811945780747475, -100.6245109193651
Casa Habitación	66350, Benito Juarez 233, La Fama, 66100 Santa Catarina, N.L.	Santa Catarina	XIX	Histórico
Casa Habitación	Prol. Hidalgo 162a, Cabecera Municipal, 66000 García, N.L.	García	XIX	Histórico	1910.0		Arquitectura vernácula del noreste	"Con una rica historia que se remonta a 1910, la centenaria panadería fue establecida por Don Juan Sanmiguel López. Desde entonces, durante más de un siglo, ha mantenido una tradición excepcional en la elaboración y oferta de productos, destacando como su joya culinaria la inigualable ""Semita de Nuez"".

En la actualidad, el legado perdura con el compromiso de la familia Sanmiguel, encabezada por el hijo del fundador, Juan Sanmiguel Hernández.&nbsp;"			25.81148199816673, -100.59919473515194
Casa Habitación
Panteón Municipal	65400, Vallecillo, N.L.	Vallecillo	XIX	Histórico							26.65570225534391, -99.99199985369204
Antigua Casa de Miguel Filomeno Martínez y Casa de la Memoria Sampetrina	Independencia 208, Casco Urbano, 66200 San Pedro Garza García, N.L.	San Pedro	XIX	Histórico							25.666167, -100.403056
Casa Habitación	Zaragoza 363, Sta Catarina, 66350 Santa Catarina, N.L.	Santa Catarina	XIX	Histórico							25.670745, -100.461023
Casa Habitación 	Priv. los Rayon 125, Santiago, 67310 Santiago, N.L.	Santiago 	XIX 	Histórico
Ex Hacienda Santísima Virgen o del Provisor	 	Allende	XIX	Histórico
Casa Habitación	Madero, entre Miguel Hidalgo y 18 de Marzo, 65400, Vallecillo, N.L.	Vallecillo	XIX	Histórico						Se conserva la fachada original	26.659228053759183, -99.98748667515089
Casa Habitación	Raul Rangel Frias 306, Villaldama, N.L.	Villaldama	XIX	Histórico							26.497304629824182, -100.42614370296596
Antigua Caja de Agua	Av. Corregidora S/N, Casco Urbano, 66200 San Pedro Garza García, N.L.	San Pedro	XVII	Histórico							25.666533, -100.403964
Templo de San Pedro del Real de Boca de Leones	Raúl Rangel Frías, esq. Rayón, Villaldama, N.L.	Villaldama	XVIII	Histórico				"Esta parroquia de San Pedro Apóstol fue construida por primera vez en 1697, siendo la primera en el Norte de Nuevo León y muy probablemente era de muros de adobe y siendo utilizada como templo católico desde 1967 hasta aproximadamente 1870-1877 cuando se derrumbó para después ser reconstruida.&nbsp;

En los años 1886-1888, se trabajó en esta obra pero no se continuó su construcción hasta nuestros días debido al empobrecimiento de sus habitantes por el agotamiento de las Minas que fueron el origen de la fundación de este pueblo (Antiguamente llamado “Real de San Pedro de Boca de Leones”).&nbsp;

Su ubicación es frente al Palacio Municipal y a la Plaza Principal. En la parte más al poniente de nuestro querido Pueblo y en lo que fue Hospicio de nuestra Señora de Guadalupe, se encuentra una iglesia que es la que actualmente se utiliza como Templo Católico pero con la desventaja de su extrema ubicación y muy reducido espacio para los fieles (no más de 150).&nbsp;

Este hospicio e Iglesia fue construido por primera vez en 1715 por iniciativa de los misioneros Franciscanos encabezados por Fray Antonio Margil de Jesús, provenientes del Colegio de Nuestra Señora de Guadalupe de Zacatecas que iban y venían a Texas, está hecha con muros de mezcla de adobe, piedra y sillar, el techo es de terrado con vigas de pino americano, con graves problemas de mantenimiento y ha sido su techo varias veces reconstruido con amenazas de derrumbarse. Sin embargo desde 1697 y hasta la fecha el nombre oficial que se utiliza en todas las Actas de Ceremonias continúa siendo el de Parroquia de San Pedro Apóstol, sin importar en que lugar se oficiaran las Misas y Actos Religiosos. Nunca se ha perdido la Esperanza de regresar al lugar que nuestros antepasados seleccionaron como su Templo Católico hace más de 300 años.&nbsp;

En la Parroquia Católica de San Pedro Apóstol que proponemos terminar están sepultados los restos de Francisco de Barbarigo y muchos de nuestros antepasados y ascendientes de distinguidos Neoleoneses y además tendría un cupo de casi 500 fieles versus contra 150 de capacidad del Templo actual. Informó: Pablo Cárdenas. Presbítero y Misionero Franciscano. Este edificio data de principios del siglo XIX; hacia la segunda mitad del siglo estaba muy avanzada la construcción. En 1860 las obras fueron supervisadas por el ""Curita González"".&nbsp;

Durante la guerra de Reforma se suspenden los trabajos. Se ocupó como reductor y cuartel militar, colocándose para ello una cubierta provisional. A partir de estas fechas permaneció inconcluso y abandonado, hasta hace unos años en que se restauró y se adecuó para usos y eventos culturales."			26.497576610435424, -100.42503125679956
Casa Habitación	C. Morelos Sur 300, Centro de Allende, 67350 Cd de Allende, N.L.	Allende	XIX	Histórico	1870.0			Esta construcción data de 1870 siendo de una sola planta en esta época. En 1890 se construye el primer piso y en 1900 el segundo piso.	Casa Habitación		25.278213102702313, -100.01946760366911					2023-11-02
Casa Habitación	 		XIX	Histórico				Construida en el siglo XIX. Actualmente la casa se rentó en dos partes; una por la calle de Hidalgo que hoy es casa habitación, y la segunda parte por la calle de Benito Juárez que es ocupada como carpintería de la SEP-Misión Cultural 152. El inmueble es propiedad del Señor Ascensión Banda.
Casa Habitación	5 de Febrero 102, Centro de Carmen, 66550 Carmen, N.L.	El Carmen	XIX	Histórico							25.932307278593182, -100.36386382146549
Currato de la Parroquia, Inmueble Religioso	Morelos 104, Santiago, 67310 Santiago, N.L.	Santiago 	XIX	Histórico					Tienda de monchis en el pueblo
Casa Habitación	Morelos 125, Cabecera Municipal, 66000 García, N.L.	García	XVIII	Histórico			Arquitectura vernácula del noreste 	"La casa conocida como la de la ""Guardia Nacional"". Esta imponente residencia fue propiedad del Teniente Coronel Ignacio Elizondo Villarreal, originario del Valle de las Salinas (hoy Salinas Victoria) y vecino desde su infancia en este valle. Es en este lugar donde Elizondo urdió y ejecutó la astuta maniobra que culminó con la captura del Cura Hidalgo en Acantita de Baján.

La fachada de esta casona presenta un distintivo Águila Real tallado en calicanto, notablemente similar a los primeros escudos de la independencia. Esta característica arquitectónica no solo refleja la influencia histórica de la época, sino que también añade un elemento distintivo a la estructura.

Denominada la ""Guardia Nacional"" debido a su función como cuartel militar durante la Revolución, esta casa también tiene un capítulo en su historia vinculado a la clandestinidad. Entre las décadas de 1930 y 1940, sirvió como sede de juegos clandestinos, agregando un matiz intrigante a su legado."			25.81365820809167, -100.59288549858675
Casa Habitación	C. Benito Juárez 503, San Pedro, 67328 Santiago, N.L.	Santiago 	XIX	Histórico
Templo del Señor de la Misericordia	Hidalgo 500, Centro de Linares, 67700 Linares, N.L.	Linares	XIX	Histórico	1789.0						24.856137718043424, -99.56907159032141	Restaurado en el 2007
Casa-Habitación	Independencia esquina con Morelos (Morelos 447), San Juan, Cadereyta	Cadereyta	XX	Bien Inmueble con Valor Cultural							25.54238899823049, -99.84076289380397				Ehecatl Orrante Sandoval	2023-11-28
Templo de San Francisco de Asís	José María Morelos y Pavón S/N, Cabecera Municipal (Apodaca), Apodaca Centro, 66600 Cd Apodaca, N.L.	Apodaca	XIX	Histórico							25.782042397650535, -100.18820559743719
Hacienda Laguna Seca	A 15 km. al Sur de la cabecera, por brecha	Cadereyta	XIX	Histórico				La hacienda continúa siendo agrícola y ganadera, como en sus inicios, desde finales del siglo pasado.							Ehecatl Orrante Sandoval	2023-11-01
Casa Habitación	C. Benito Juárez 231, Pob. La Lomita - El Terrero, El Cercado, 67320 Santiago, N.L.	Santiago 	XIX	Histórico
Colegio Civil Centro Cultural Universitario	Calle Colegio Civil s/n, Centro, 64000 Monterrey, N.L.	Monterrey	XVIII	Histórico							25.674093795940994, -100.31570940751119
Plaza México	José María Morelos 355, Centro, 64000 Monterrey, N.L.	Monterrey	XX	Histórico				El inmueble fungió como hotel hasta el año de 1995, en su planta baja alojaba locales de comercio mientras que en la planta alta funcionaba como hotel. Desde tal año a la actualidad funge como plaza comercial.			25.667524455527804, -100.31325011740242
Estación Durazno	Carretera Villa de García Km 8, 4 S/N, 66000 García, N.L.	García	XX	Cultural							25.759308219556733, -100.5500819111767
Casa-Habitación	Morelos 506 esquina Cuauhtémoc (San Juan Cadereyta)	Cadereyta	XX	Bien Inmueble con Valor Cultural					Asadero el Compadre	Modificado	25.54411275334915, -99.83867967465672				Ehecatl Orrante Sandoval	2023-11-28
Casa Habitación 	Zaragoza 138, Santiago, 67310 Santiago, N.L.	Santiago 	XIX 	Histórico
Casa Habitación 	Zaragoza 110, Santiago, 67310 Santiago, N.L.	Santiago 	XIX 	Histórico 					La churreria Santiago
Secundaria Número 1 Profesor Andrés Osuna Hinojosa y Secundaria Número 5 Profesor Macario Perez Caza	Manuel María del Llano 126, Centro, 64000 Monterrey, N.L.	Monterrey	XIX	Histórico							25.67869193738666, -100.31453856941418
Casa Habitación	Juárez 100, Centro de Sabinas Hidalgo, 65200, N.L.	Sabinas Hidalgo	XIX	Histórico							26.500176651501683, -100.18044796777771
Casa Habitación	Independencia 102, 65150 Bustamante, N.L.	Bustamante	XIX	Histórico				Construcción de hace más de 100 años.	Comercio	Se conserva la fachada original	26.53396934236633, -100.50418945326126
Casa Habitación 	Morelos 108, Santiago, 67310 Santiago, N.L.	Santiago 	XIX 	Histórico
Hacienda Vieja	San Juan de los Garza (San Juanito), Al Sur de la cabecera, por la carretera hacia Allende, a 10 km.	Cadereyta	XIX	Histórico				"Fue hacienda cañera.&nbsp;
En la cubierta de una de las habitaciones dice: ""R.G. Cadereita""."							Ehecatl Orrante Sandoval	2023-11-14
Palacio Municipal	Jose Mariano Abasolo 100, 67310 Santiago, N.L.	Santiago 	XIX	Histórico
La Fama	Gral. Vicente Guerrero 320, La Fama, 66100 Santa Catarina, N.L.	Santa Catarina	XIX	Histórico							25.670267, -100.423792
Casa-Habitación	Hidalgo 208 esquina Allende (San Juan Cadereyta)	Cadereyta	XX	Bien Inmueble con Valor Cultural				"En una viga de la casa dice textualmente: ""La divina providencia vale por esta casa-Mayo 8 de 1925""."							Ehecatl Orrante Sandoval	2023-11-28
Templo de San Felipe de Jesús	"Hidalgo s/n entre Escobedo y Zaragoza
China, Nuevo León"	China	XIX	Histórico	1836.0		Barroco	"Se observa una ligera pérdida de proporción, especialmente en la percepción de la torre, que tiende a ser percibida como algo masiva. La fachada presenta un diseño más geométrico, evidenciado por el perfil escalonado de su remate, con una decoración basada en motivos gráficos y lineales.&nbsp;

La entrada está precedida por un pórtico con tejado a dos aguas, construido con piedra.

Una placa conmemorativa destaca el primer centenario (1836-1936) de la dedicación del templo a San Felipe de Jesús de China. Sin embargo, la construcción del templo nuevo al lado ha llevado a un notorio deterioro del templo antiguo, especialmente en su interior. Incluso la escultura del patrono, presumiblemente creada en 1836, muestra signos de deterioro.

Este templo, aunque presenta desafíos en términos de conservación, sigue siendo un testimonio histórico valioso. La pérdida de proporción y el desgaste del tiempo añaden un carácter único, recordándonos la importancia de preservar y apreciar estos lugares como parte esencial de nuestro patrimonio cultural y religioso."			25.70643805882081, -99.23988154923791
Antigua Basílica de Nuestra Señora de Guadalupe	Guanajuato 715, Independencia, 64720 Monterrey, N.L.	Monterrey	XIX	Histórico							25.65687226463027, -100.31438860461213
Comercio	Hidalgo 101 esquina con Ferrocarril (San Juan)	Cadereyta	XX	Bien Inmueble con Valor Cultural											Ehecatl Orrante Sandoval	2023-11-28
Parroquia San Nicolás de Bari	Av. Benito Juárez 112, Centro, 66050 Cd Gral Escobedo, N.L.	Escobedo	XIX	Histórico
Casa Habitación 	C. Benito Juárez 207, El Cercado, 67320 Santiago, N.L.	Santiago 	XIX	Histórico
Casa Habitación	Zaragoza 306, Centro de Carmen, 66550 Carmen, N.L.	El Carmen	XIX	Histórico							25.9328505559597, -100.36480396088068
La Casona de las Tenerías o Casona de Santa Lucía	Juan Ignacio Ramón 906, Centro, 64000 Monterrey, N.L.	Monterrey	XIX	Histórico							25.670286729449877, -100.3061422358178
Casa-Habitación	Ferrocarril esquina con Morelos	Cadereyta	XX	Bien Inmueble con Valor Cultural				En esta casa estuvo acuartelado Francisco Villa. durante un periodo muy breve.			25.544703715822315, -99.83812073066463				Ehecatl Orrante Sandoval	2023-11-19
Casa Habitación 	Zaragoza 107, 67310 Santiago, N.L.	Santiago 	XIX 	Histórico 					Casa de la Cultura Trinidad Caballero
Casa parroquial	Joaquín García 101, Cabecera Municipal, 66000 García, N.L.	García	XIX	Histórico			Arquitectura ecléctica	"Se erigió en una etapa posterior a la construcción del Templo de San Juan Bautista, destacándose como uno de los escasos edificios de dos plantas de la época. Su arquitectura, representativa del siglo XIX, ha resistido el paso del tiempo a pesar de ciertas modificaciones, manteniendo en su esencia las características distintivas de la época.

Presenta una singularidad arquitectónica que merece especial atención. En el primer nivel, los vanos están delineados mediante un cuidado aparejo a soga y tizón, destacando la destreza artesanal de la época. Las ventanas superiores, por su parte, exhiben una elegante ornamentación con sendas molduras que emulan una falsa serliana, aportando sofisticación y detalle al conjunto arquitectónico.

Aunque ha experimentado ciertas alteraciones a lo largo del tiempo, la estructura ha logrado preservar su esencia histórica."			25.812492607538896, -100.59419949999271
Hacienda Rinconada	Rinconada S/N, 66046 Rinconada, N.L.	García	XIX	Histórico	1621.0		Arquitectura ecléctica	"Sus raíces se remontan al año 1621, cuando Alonso Diez de Camuño, un minero zacatecano, se estableció con el propósito de buscar plata y fundar una hacienda. Con el tiempo, este lugar se transformó en un crucial punto de descanso para los viajeros que se desplazaban entre Monterrey y Saltillo.

La importancia histórica de Rinconada se destaca por ser la primera ruta explorada por los pioneros y primeros habitantes del Nuevo Reino de León. Además, representaba el único medio de comunicación entre las provincias orientales (Tamaulipas, Nuevo León, Coahuila y Texas) y el resto de la Nueva España.

El casco nuevo de la hacienda, construido en 1825, exhibe una arquitectura única influenciada por el estilo sefardita (judeo-español) y mudéjar, características distintivas de los primeros inmigrantes de Nuevo León.&nbsp;

Estos detalles arquitectónicos no solo ilustran la evolución de la hacienda a lo largo del tiempo, sino también la rica diversidad cultural que ha dejado su huella en esta parte de México."			25.683660324645146, -100.71874608182699
Inmueble Civil	 	San Pedro	XIX	Histórico							25.665431, -100.402317
Capilla de San Elías	Morelos 112, Cabecera Municipal, 66000 García, N.L.	García	XIX	Histórico	1884.0		Barroco	"Capilla de San Elías. Del siglo XIX (19), Construcción particular edificada personalmente por Don Elías de la Garza como acto de gratitud y fe en que se fue construyendo piedra por piedra, a su muerte, continuaron la obra de la torre sus herederos y familias de este pueblo concluyendo la edificación total hacia 1880.&nbsp;

La construcción data de principios de 1800, su arquitectura es sencilla de una nave con un marcado sello franciscano. La totalidad de su construcción se concluyó junto con su torre a finales del mismo siglo. Cuenta además con una escultura de la imagen del profeta Elías traída de España.&nbsp;

Cuenta la historia, que Don Elías de la Garza, oriundo de García, saliendo ileso de un ataque de los Indios Bárbaros en un sitio llamado Nacataz, prometió edificar este templo, cuya construcción está hecha de piedra y calicanto y su techo de madera.&nbsp;

Consta de dos campanas, una llamada María de Loreto que data del mismo año en que se construyó y la otra llamada Monterrey que data de 1886. Su fiesta se celebra el 20 de julio. Templo de una sola nave de mampostería y sillar, de un sobrio estilo franciscano.&nbsp;

La torre del campanario aparenta reconstrucción o tal vez fue construida en una época más tardía. La cornisa que remata la fachada tiene perfil mixtilíneo, con extremos avolutados y piñones superiores. La fachada presenta unas peanas aisladas. Tiene pilastras de enmarque en la torre y en la fachada."		Se conserva la fachada original	25.814054355289205, -100.59854635069178
Templo de San Juan Bautista	Prol. Hidalgo SN-S, Cabecera Municipal, 66000 García, N.L.	García	XIX	Histórico	1770.0		Barroco	"San Juan Bautista, patro del pueblo y venerado en su Iglesia del mismo nombre, cuyos orígenes se remontan hacia el año 1770. Inicialmente, se erigió como una modesta capilla, pero experimentó una transformación significativa en 1837 cuando se construyó una nueva edificación en el mismo emplazamiento. Esta nueva estructura se presenta majestuosamente con tres naves y un campanario de dos cuerpos que alberga cuatro campanas, además de un monumental reloj del siglo XIX y XX.

La evolución del templo continuó a lo largo de los años. En 1770, se erigió un templo de una sola nave, culminando su expansión en 1845 con la construcción de tres naves elaboradas con adobe, piedra y cantera. Destaca por sus ocho altares de cantera, siendo el altar principal de alabastro y mármol, dedicado al patrón del pueblo, San Juan Bautista, cuya festividad se celebra el 24 de junio.

Dentro de la iglesia, se resguarda una obra sacra notable en el altar mayor, representada por el óleo de la Trinidad, una pintura de finales del siglo XIX. La torre, por su parte, alberga cuatro campanas antiguas, incluyendo una datada en 1884. En la parte superior de la torre, destaca un reloj de cuatro caras, instalado en 1911 y sometido a una cuidadosa restauración en 2007. Esta iglesia no solo es un símbolo de devoción y fe, sino también un testimonio histórico que ha perdurado a lo largo de los siglos."			25.812064521947793, -100.59460072968946
Casa Habitación 	Hidalgo 100, El Cercado, 67320 Santiago, N.L.	Santiago 	XIX 	Histórico					Gimnasio Clases de ZUMBA
Templo de San Pedro Apostol	C. Primera Allende 206, Centro de Allende, 67350 Cd de Allende, N.L.	Allende	XIX	Histórico	1964.0		Arquitectura ecléctica	"La edificación del templo original se remonta a los años 1864-1880, y parte de esta estructura inicial se fusiona con la más reciente construcción de 1949. Lo que hace único a este templo es el marcado contraste entre la piedra utilizada en las naves y el crucero, y los aplanados que recubren la fachada y el cimborrio. Este último, de tambor octogonal, presenta una cúpula de ocho paños y una linternilla que añaden un toque arquitectónico distintivo.

La fachada, de estilo sobrio, destaca por un único lienzo mural que abarca toda su extensión. En la parte superior, culmina con una torre que presenta un coronamiento piramidal, seguida inmediatamente por un hastial de perfil acodado. En el centro de la fachada, un ojo de buey y, justo debajo, la puerta de acceso con un arco rebajado contribuyen a la armonía visual del conjunto.&nbsp;

Hoy en día, este lugar se ha transformado en la Casa de la Cultura, conservando así su importancia cultural y comunitaria.

En comparación, la parroquia se distingue por su monumentalidad y detallada elaboración. El cimborrio de tambor cuadrado, de diseño elegante, se combina con una cúpula, creando una presencia imponente.&nbsp;

La fachada, elaborada con ladrillo y con un aire academicista, resulta intrigante gracias al remate en frontón partido y a un rosetón de inspiración goticista.&nbsp;

Este conjunto arquitectónico se revela como un ecléctico testimonio de estilos diversos, proporcionando una experiencia visual rica y única."			25.27895884105105, -100.01948957670116
Casa-Habitación	Bravo esquina con Progreso (Puede que sea en San Juan)	Cadereyta	XX	Bien Inmueble con Valor Cultural											Ehecatl Orrante Sandoval	2023-11-19
Templo de la Virgen de Agualeguas	C. Teniente Coronel Francisco T. Caso Cantú 19, Centro, 65800 Agualeguas, N.L.	Agualeguas	XVIII	Histórico							26.31010631234874, -99.5400830401821
Cochera de Carromatos	Zaragoza 401, Sin Nombre de Col 1, 67450 Cadereyta Jiménez, N.L. (Esquina Doctor Joaquin Valle Ramírez)	Cadereyta	XIX	Histórico				"El inmueble fue originalmente cochera de carromatos en los cuales se transportaban productos comerciales. Posteriormente se utilizó como salón de baile. Después fue casa habitación y tienda de abarrotes, denominada ""Cazares"", ésta, ha permanecido cerrada aproximadamente 20 años, conservando la estantería de principios de este siglo y los productos de la tercera década."	Abandonado	Vivienda unifamiliar / vivienda plurifamiliar	25.593114860408775, -100.00530823591637				Ehecatl Orrante Sandoval	2023-10-31
Casa Habitación	Zaragoza 317, Sta Catarina, 66350 Santa Catarina, N.L.	Santa Catarina	XX	Cultural							25.676198457939734, -100.46189054424616
Primera Iglesia Bautista	C. Aramberri 114, Centro, 64000 Monterrey, N.L.	Monterrey	XX	Histórico							25.675956428523072, -100.31349946066003
Presidencia Municipal	C. Benito Juárez, Centro de Allende, 67350 Cd de Allende, N.L.	Allende	XIX	Cultural	1936.0			"Este imponente inmueble, erigido entre 1912 y 1936 en dos niveles, se caracteriza por su construcción robusta a base de sillar y piedra, con cubiertas formadas por vigas de madera y tableta. Este edificio, concebido con un enfoque ecléctico arraigado, ha sido hábilmente diseñado para albergar las funciones de un ayuntamiento.

Su expresión arquitectónica revela un claro deseo de grandiosidad, evidenciado por el remate superior que emula un pseudofrontón, incorporando un reloj y un cuerpo de campanas. La cuidada composición y ornato de los vanos también contribuyen a esta aspiración monumental: los balcones superiores se destacan por frontones que los coronan, mientras que los inferiores presentan arcos de medio punto con falsas claves.

Además, el edificio exhibe pilastras superpuestas en los extremos, aportando un elemento de estructura y ornamentación. Una moldura recorre toda la extensión de la fachada, añadiendo coherencia estética y resaltando la atención al detalle en el diseño.

Este inmueble no solo sirve como un espacio funcional para la administración municipal, sino que también se erige como un testimonio arquitectónico ecléctico que refleja la aspiración a la monumentalidad y la atención meticulosa a la estética.&nbsp;

Su presencia imponente y su rica ornamentación lo convierten en un símbolo destacado de la comunidad que alberga."	Oficinas de Gobierno	Restaurado en 1979, se construyó un anexo en la parte posterior y otro en el terreno de atrás.	25.279835723745155, -100.02084960368987
Casa de la Cultura	Av. Cristóbal Colón 400, Treviño, 64000 Monterrey, N.L.	Monterrey	XIX	Histórico							25.685100143397364, -100.30969370151924
Casa Habitación	Hidalgo 118, Entre Juárez y M. Maldonado 	Abasolo	XX	Cultural
Casa-Habitación	Juarez Oriente esquina con Mutualismo	Cadereyta	XX	Bien Inmueble con Valor Cultural											Ehecatl Orrante Sandoval	2023-11-14
Casa Habitación	C. Benito Juárez 211, Pob. La Lomita - El Terrero, El Cercado, 67320 Santiago, N.L.	Santiago 	XIX 	Histórico
Comercio	México 9 101, Sin Nombre de Col 1, 67450 Cadereyta Jiménez, N.L., México (Mutualismo 101 esq con Juarez)	Cadereyta	XX	Bien Inmueble con Valor Cultural	1880.0			"La probable fecha de construcción es 1880. 3. El remate de la fachada, tiene las iniciales: ""D.G.L.""."		Intacto	25.591391166524343, -100.00025805843336				Ehecatl Orrante Sandoval	2023-11-19
Casa-Habitación	Josefa Ortiz de Domínguez 204, Sin Nombre de Col 1, 67450 Cadereyta Jiménez, N.L., México (Entre Hidalgo y Gonzalitos)	Cadereyta	XX	Bien Inmueble con Valor Cultural						Intacto	25.58962796257036, -99.9984836178451				Ehecatl Orrante Sandoval	2023-11-14
Casa Habitación	Venustiano Carranza 112, Centro de Allende, 67350 Cd de Allende, N.L.	Allende	XIX	Histórico				Casa construida a fines del siglo XIX.	Comercio	Se conserva la fachada original, el predio se encuentra subdividido	25.281504015478024, -100.02027541414435
Casa Habitación, Meson	Priv. los Rayon 300, Santiago, 67310 Santiago, N.L.	Santiago 	XIX 	Histórico					Los Farolitos de Santiago, un restaurante
Panteón Municipal	Lerdo de Tejada 1178, 65800 Agualeguas, N.L.	Agualeguas	XIX	Histórico							26.315588707191218, -99.54607132130575
Casa Habitación	Escobedo 285, Sabinas Hidalgo, 65200, N.L.	Sabinas Hidalgo	XIX	Histórico				Casa construida a fines del siglo XIX.	Comercio	Se conserva la fachada original	26.50228713262299, -100.1782260924155
Casa Habitación	C. Juárez 304, Sin Nombre de Col 1, 67450 Cadereyta Jiménez, N.L. (Entre 5 de Mayo y Josefa Ortíz de Dominguez)	Cadereyta	XIX	Histórico					Flores y Follaje el Tigre	Subdividido en varias propiedades y modificado 	25.591277878034433, -99.99886338310235				Ehecatl Orrante Sandoval	2023-10-31
Comercio	Blvd. Benito Juárez, Sin Nombre de Col 1, 67450 Cadereyta Jiménez, N.L., México (5 de Mayo Sur 501)	Cadereyta	XX	Bien Inmueble con Valor Cultural				"Inmueble construido en 1911 por Emetereo Leal, como panadería llamada "" La Cruz "". Los vecinos dicen que en este comercio se empezarón a preparar los ""Turcos"" (pan regional)."	Telcel	Modificado	25.591312787673687, -99.99928754152694				Ehecatl Orrante Sandoval	2023-11-14
Casa Habitación	5 de Febrero 205, Centro de Carmen, 66550 Carmen, N.L.	El Carmen	XIX	Histórico							25.932323038534165, -100.36224061193047
Sala de Cabildo, antigua Cárcel Municipal	C. Libertad 110b, 66230, Casco Urbano, San Pedro Garza García, N.L.	San Pedro	XIX	Histórico							25.665139, -100.402750
Casa Habitación	C. Juárez 504, Sin Nombre de Col 1, 67450 Cadereyta Jiménez, N.L. (Entre Emiliano Zapata y Francisco I. Madero)	Cadereyta	XIX	Histórico					Iglesia La Preciosa Sangre	Vivienda unifamiliar / vivienda plurifamiliar	25.59105648162894, -99.99663802355428				Ehecatl Orrante Sandoval	2023-10-31
Casa Habitación	Francisco I. Madero 303, Centro de Carmen, 66550 Carmen, N.L.	El Carmen	XX	Cultural							25.933057203426593, -100.36376605212605
Sin nombre	 	Bustamante									26.534194209433927, -100.5033298110454
Casa Habitación	Independencia 104, 65150 Bustamante, N.L.	Bustamante	XIX	Histórico	1891.0			"El dueño actual es Don Santos. En el interior del inmueble tiene la fecha ""1891"", el primer propietario fue el Sr. E. Flores."	Hotel	Se conserva la fachada original	26.533811783749826, -100.50484780893761
Templo de Santa Catarina Mártir	Calle Miguel Hidalgo 100, Centro, 66350 Santa Catarina, N.L.	Santa Catarina	XIX	Histórico							25.674811, -100.460609
Templo San Vicente de Paul	Benito Juárez 177, La Fama, 66100 Santa Catarina, N.L.	Santa Catarina	XIX	Histórico							25.671614775521114, -100.4232297693916
Casa Habitación	5 de Mayo 402, Centro de Carmen, 66550 Carmen, N.L.	El Carmen	XIX	Histórico							25.932276713230642, -100.36307098746254
Colegio Santos Cortés	Zaragoza, 66850 Los Herreras, N.L.	Los Herrera	XX	Cultural	1929.0		Arquitectura vernácula del noreste	"Inaugurada en 1929 como la Escuela Santos Cortés, este edificio representa un testimonio arquitectónico de la época, caracterizado por su construcción en piedra amolar y almendrilla, así como por su cubierta compuesta por viguería, entablerado y terrado. A pesar de su simplicidad formal, la estructura exhibe pretensiones compositivas académicas que se reflejan en la disposición de dos cuerpos simétricos que enmarcan la entrada principal.

Las ventanas y la puerta de acceso, marcadas por arcos rebajados, aportan una elegancia discreta al conjunto, mientras que la elección de materiales responde tanto a consideraciones estéticas como a la funcionalidad inherente a los inmuebles de índole educativa.&nbsp;

La piedra amolar y almendrilla no solo confieren solidez, sino que también añaden un toque de distinción a la arquitectura.
La sencillez aparente de este edificio oculta su relevancia histórica y educativa. Más allá de su función original como escuela, su presencia en la comunidad encarna la evolución de la educación en la región y la influencia de los ideales académicos en el diseño arquitectónico.&nbsp;

En última instancia, este inmueble no solo sirve como un espacio educativo, sino también como un documento tangible de la historia local y de la importancia atribuida a la educación en la comunidad."			25.906495687263874, -99.40256553603521
Presidencia Municipal	Benito Juárez 115, Centro, 65650 Abasolo, N.L.	Abasolo	XIX	Histórico			Arquitectura vernácula del noreste	"Este edificio, erigido en el siglo XIX y de una sola planta, destaca por su construcción en sillar y su pasado como el prestigioso ""Instituto Juárez"" alrededor de 1905. Su diseño, de carácter popular, se distingue por un volumen claro y expresivo, evidenciado también por los botaguas que lo ornamentan con gracia.

La fachada principal revela un mayor esmero arquitectónico, donde las pilastras prolongadas otorgan una sensación de solidez. El acceso principal se distingue por un arco rebajado que impacta visualmente en el tramo correspondiente de la cornisa, destacando la entrada con elegancia. Esquinas acentuadas con piñones añaden un toque distintivo a la fachada, realzando la estética del conjunto.

El edificio conserva una reliquia histórica en forma de una viga que lleva la inscripción: ""Escuela oficial de niños, Abasolo, Junio 24 de 1896, Vicente Gabino"". Este elemento no solo testimonia la función original del edificio como una institución educativa, sino que también conecta con el pasado, proporcionando una ventana al contexto histórico de la comunidad."			25.94530524692465, -100.39994900136537
Casa Habitación	Morelos 501, Cabecera Municipal, 66000 García, N.L.	García	XIX	Histórico			Arquitectura vernácula del noreste				25.81349929413634, -100.59291808055512
Casa Habitación	Zaragoza 505, Sta Catarina, 66350 Santa Catarina, N.L.	Santa Catarina	XX	Cultural							25.677147, -100.462029
Templo de San José del Río Blanco	Centro de Gral Zaragoza, 67960 Gral. Zaragoza, N.L.	Zaragoza	XVIII	Histórico			Arquitectura vernácula del noreste	"Este modesto templo, erigido por los franciscanos en la primera mitad del siglo XVIII como misión de San José de Río Blanco, encierra una historia fascinante que abarca desde su fundación hasta su uso como fortaleza por los villistas durante la Revolución, lo cual condujo a su cierre temporal al culto.

La disposición arquitectónica de la iglesia destaca por la alineación enrasada de la fachada con la torre. Un detalle notable es la diferencia en las dimensiones de los cuerpos de la torre; el segundo cuerpo, de menor perímetro, crea un efecto de perspectiva acelerada, añadiendo profundidad visual a la estructura.

Aunque el templo presenta una ornamentación mínima, caracterizada por cornisas y molduras, destaca la presencia de piñones en las esquinas de las cornisas, que añaden un toque sutil pero distintivo. Estos elementos ornamentales, junto con la simplicidad general del diseño, le otorgan al templo una elegancia discreta.

Este lugar de culto no solo es un reflejo de la devoción franciscana en la región, sino también un testigo de los desafíos y transformaciones históricas que ha experimentado a lo largo del tiempo.&nbsp;

La combinación de su arquitectura modesta y su rica historia lo convierte en un tesoro cultural digno de explorar y apreciar."			23.9733321277095, -99.7719777019245
Casa Habitación	5 de Mayo Sur 105, Col. Sin Nombre 1, Cadereyta Jimenez (Entre Juárez e Hidalgo)	Cadereyta	XIX	Histórico					Vivienda unifamiliar/plurifamiliar		25.590858, -99.999464				Ehecatl Orrante Sandoval	2023-10-24
Templo San Carlos	5 de Mayo, esq. Juárez, 65400, Vallecillo, N.L.	Vallecillo	XVIII	Histórico	1760.0			El templo es fundación de la orden Franciscana, entre los años 1760 y 1768, época en que fueron descubiertos los minerales que dieron origen al asentamiento de la población.		Se conserva la fachada original	26.659413392290876, -99.98885379698353
Almacén, cooperativa	Colón 200, Sta Catarina, 66350 Santa Catarina, N.L.	Santa Catarina	XIX	Histórico							25.674905, -100.463046
Hacienda Santa Efigenia	Camino a San Bartolo S/N, km 6, San Bartolo, 67456 Cadereyta Jiménez, N.L., México (Santa Efigenia, A 8 km. carretera Cadereyta-Allende, desviación al Oriente por brecha 10 Km.)	Cadereyta	XIX	Histórico					Restaurante Hacienda de Santa Efigenia	Intacto	25.54317721263884, -99.96968538811751				Ehecatl Orrante Sandoval	2023-11-14
Plaza de Toros Cadereyta	Cadereyta - Allende, Sin Nombre de Col 1, 67450 Cadereyta Jiménez, N.L., México	Cadereyta	XX	Bien Inmueble con Valor Cultural				"Eliezer Gómez, primer propietario, fue quien la mandó construir. La cubierta de las tribunas era de carrizo. Actualmente le da mantenimiento una junta de mejoras a cargo de Juan Cantú. 3. En el remate de la cubierta de las tribunas tiene la fecha "" 1931 ""."	Plaza de Toros	Modificado	25.5891525785221, -100.00090166730234				Ehecatl Orrante Sandoval	2023-11-14
Casa Habitación 	Zaragoza 122, Santiago, 67310 Santiago, N.L.	Santiago 	XIX	Histórico
La Reinera	José María Morelos 433A, Centro, 64000 Monterrey, N.L.	Monterrey	XIX	Histórico							25.667426411198424, -100.31259632751303
Casa Habitación	Hidalgo 101, Santiago, 67310 Santiago, N.L.	Santiago 	XIX	Histórico							25.426976987213738, -100.15387589591458
Casa Habitación	C. Alfonso Martínez Domínguez 302, Francisco I. Madero, 65650 Abasolo, N.L.	Abasolo	XIX	Histórico							""
Casa Habitación	Zaragoza 162, Cabecera Municipal, 66000 García, N.L.	García	XIX	Histórico	1910.0		Arquitectura vernácula del noreste				25.81138605191081, -100.59904247092679
Casa Habitación	Morelos 102, Cabecera Municipal, 66000 García, N.L.	García	XIX	Histórico							25.813970, -100.597197
Capilla	Cjon. de Capellanía 107, Casco Urbano, 66200 San Pedro Garza García, N.L.	San Pedro	XIX	Histórico							25.669913320442202, -100.40100977282967
Funeraria	Morelos esquina con Allende (San Juan Cadereyta)	Cadereyta	XX	Bien Inmueble con Valor Cultural					Abandonado	Intacto	25.543567039564824, -99.83939850033435				Ehecatl Orrante Sandoval	2023-11-28
Hacienda San Felipe	San Juan (El Calvario), Cadereyta	Cadereyta	XIX	Histórico				Fue hacienda cañera, propiedad de la familia Garza Nieto, al igual que la hacienda El Tecolote, Cadereyta.							Ehecatl Orrante Sandoval	2023-11-14
Estación Jarita	65000 Anáhuac, N.L.	Anáhuac	XIX	Conjunto Arquitectónico				"El edificio por sus materiales y elementos constructivos se ubica a principios del siglo XX y es semejante en este aspecto a las estaciones de Lampazos, Montemorelos, Villaldama, etc.&nbsp;

La estación fue edificada sobre la línea troncal México-Laredo de Tamaulipas del Ferrocarril Nacional Mexicano. El Rancho de la Jarita cede unos terrenos que fueron adquiridos por la compañía Constructora Nacional Mexicana el 27 de junio de 1881. Los trabajos de construcción de la línea se realizarón por concesión del 13 de septiembre de 1880 a la Compañía Constructora Nacional Mexicana que posteriormente se consolidó como Compañía del Camino de Fierro Nacional Mexicano. El servicio entre México y Laredo de Tamaulipas fue inaugurado en noviembre de 1888.&nbsp;

En el plafón de duela de madera se lee la siguiente inscripción: “25-825 K. J Cázares. May Puenteros. H2-Jarita NL”."	Estación de Ferrocarril	Se conserva la fachada ogiginal	27.430995069315955, -99.80168349836903
Casa Habitación	Juan de Dios Treviño 103, Cabecera Municipal, 66000 García, N.L.	García	XIX	Histórico	1872.0		Arquitectura vernácula del noreste	Casona que data de 1872 y está ubicada en el centro de García y cuenta con una arquitectura antigua con instalaciones conservadas de acuerdo a su estado original.&nbsp;			25.811932012109164, -100.59355473070448
Casa Habitación	5 de Febrero 108, Centro de Carmen, 66550 Carmen, N.L.	El Carmen	XX	Cultural				Durante la Revolución un grupo de carrancistas se hospedó en esta casa.			25.93234921105656, -100.36468796438733
Casa-Habitación	Juarez 218 esquina Allende (San Juan, Cadereyta)	Cadereyta	XX	Bien Inmueble con Valor Cultural											Ehecatl Orrante Sandoval	2023-11-28
Panteón Municipal	Gral Vicente Guerrero, 65650 Abasolo, N.L.	Abasolo	XIX	Histórico			Barroco	"Ubicado en un entorno sereno, el panteón se encuentra resguardado por una imponente tapia perimetral, cuyo acceso está marcado por un portal de estilo barroco colonial.&nbsp;

Este portal, caracterizado por su perfil mixtilíneo y formas cóncavo-convexas, crea una entrada majestuosa que se destaca por un arco de medio punto. Sobre este arco, una moldura recta decorada con ovas añade un toque refinado a la estructura, que culmina en la cima con tres piñones y una cruz, evocando la espiritualidad y solemnidad del lugar.

El panteón, además de su impresionante arquitectura, guarda la memoria de tiempos pasados, ya que aún se pueden apreciar alrededor de diez tumbas que datan del siglo XIX. Estas tumbas, testigos silenciosos de la historia, añaden una capa adicional de significado al espacio, conectando a los visitantes con el pasado y proporcionando un sentido de continuidad a través de los siglos.&nbsp;

En este lugar, la arquitectura imponente y la preservación de la historia convergen, creando un espacio que invita a la reflexión y la contemplación."			25.946526222417226, -100.40201373271108
Templo de San Nicolás Tolentino	Porfirio Díaz 301, Centro, 66400 San Nicolás de los Garza, N.L.	San Nicolás	XIX	Histórico
Casa Habitación	Hidalgo 203, Santiago, 67310 Santiago, N.L.	Santiago 	XIX	Histórico							25.426273531301245, -100.15401577836673
Templo San Pablo Apóstol	Constitución s/n Galeana, Nuevo León	Galeana	XVIII	Histórico	1740.0		Barroco	"Construido en sillar en 1740, aunque los registros de bautizos se remontan a 1718, este edificio ha sido testigo de diversos capítulos en la historia de la región. Durante la época del presidente Calles, sirvió como cuartel y fue reabierto para el culto en 1930. La custodia de plata, que data de alrededor de 1832, añade un elemento de antigüedad y esplendor a este lugar de devoción.

El templo presenta una planta de cruz latina, con una cúpula en el crucero, siendo un ejemplar representativo del barroco colonial. La combinación armoniosa de la torre y la fachada en su hastial es digna de destacar. La morfología única de la torre, de planta octogonal, junto con el arco ciego del cuerpo bajo, crea una interesante interplay de luces y sombras, otorgando una dinámica visual al conjunto.

La fachada, un auténtico despliegue de barroco, exhibe una notable plasticidad. El reticulado de columnas sobre pedestales y entablamentos en tres niveles configuran una estructura que recuerda a un retablo, proporcionando una experiencia visual rica y detallada.&nbsp;

El remate de la fachada, con un perfil mixtilíneo, añade un toque distintivo a esta obra maestra arquitectónica. Este templo no solo representa un importante hito histórico y religioso, sino también un testimonio artístico que perdura a lo largo del tiempo."			24.82566614857462, -100.07768907926088
Comité Regional del PAN	Mariano Escobedo 650, Centro, 64000 Monterrey, N.L.	Monterrey	XIX	Histórico							25.680851782274637, -100.30994550476821
Hotel Rosita	Avenida Miguel Hidalgo 220, Centro de Anahuac, 65030 Anáhuac, N.L.	Anáhuac	XX	Cultural							27.2385569388889, -100.13191919081375
Templo de Nuestra Señora de Guadalupe	Raúl Rangel Frías, esq. Independencia, Villaldama, N.L.	Villaldama	XVIII	Histórico				"En archivos, actas de matrimonio desde 1713, firma Pedro Flores. Este templo fue fundado por Fray Margil de Jesús. En la segunda mitad del siglo XVIII fue objeto de reparaciones constantes. En puertas de acceso al templo ""1o ABRIL DE 1874"", ""1871""."			26.497223084607654, -100.42834365794111
Templo Jerusalem	Gral. Anaya 421, La Bohemia, 67700 Linares, N.L.	Linares	XIX	Histórico
Palacio de Gobierno del Estado de Nuevo León	5 de Mayo S/N, Centro, 64000 Monterrey, N.L.	Monterrey	XIX	Histórico							25.67243312663924, -100.30922254855605
Casa Habitación	C. Juárez 23, 65800 Agualeguas, N.L.	Agualeguas	XIX	Histórico							26.312122659817682, -99.54355952706243
Museo del Antiguo Palacio Municipal de García	Garza Ayala 103, Cabecera Municipal, 66000 García, N.L.	García	XIX	Histórico	1850.0		Arquitectura ecléctica	Al elevarse a Villa, se construye en 1850 estableciéndose ahí el Palacio Municipal, agregándosele una parte de la construcción actual en 1884. El Palacio Municipal es el corazón político , social y cultural del centro histórico de nuestro Municipio. En Septiembre de 2007 se convierte en salas de exposición.			25.81134535023973, -100.59458438287218
Casa Habitación	""	China	XIX	Histórico							25.706346, -99.239666
Estación San Juan	Entre Progreso y Escobedo	Cadereyta	XIX	Conjunto Arquitectónico				"Construida aproximadamente en 1916-1919.&nbsp;

Estación edificada en terrenos adquiridos por la antigua Compañía del Ferrocarril de Monterrey al Golfo, al Sr. Agapito García, por escritura de 23 de mayo de 1889. La construcción de este ferrocarril se inició el 1o de octubre de 1888, concluyéndose los trabajos al llegar a Tampico el 13 de septiembre de 1891.&nbsp;

Se dice que en la localidad de San Juan se jugó por primera vez en México el beisbol. Durante la construcción y colocación del puente de ferrocarril, en sus tiempos libres, trabajadores estadounidenses practicaban ese deporte, además ahí se localiza el primer estadio de beisbol construido en el país. (Censo de Estaciones de los Ferrocarriles Nacionales de México. M–0465)"							Ehecatl Orrante Sandoval	2023-11-14
Casa-Habitación	Morelos 218 esquina Allende (San Juan Cadereyta)	Cadereyta	XX	Bien Inmueble con Valor Cultural							25.543769161077115, -99.83929889853334				Ehecatl Orrante Sandoval	2023-11-28
Casa Habitación	C. Benito Juárez 231, Pob. La Lomita - El Terrero, El Cercado, 67320 Santiago, N.L.	Santiago 	XIX	Histórico
Casa Habitación	Gral. Ignacio Zaragoza 100, Cabecera Municipal (Apodaca), Centro, 66600 Cd Apodaca, N.L.	Apodaca	XIX	Histórico					Comercio	Se conserva la fachada original	25.780961131138987, -100.18893437338075
Casa-Habitación	Padre Mier 207 entre Allende y Cuauhtemoc (San Juan Cadereyta)	Cadereyta	XX	Bien Inmueble con Valor Cultural											Ehecatl Orrante Sandoval	2023-11-28
Casa Habitación	Juarez 231, Santiago NL	Santiago 	XIX	Histórico
Casa Habitación	C. Juárez 402, centro, 67450 Cadereyta Jiménez, N.L. (Esq Josefa Ortíz de Dominguez)	Cadereyta	XIX	Histórico					Restaurante Palax	Vivienda unifamiliar / vivienda plurifamiliar	25.591200297018617, -99.99802745142206				Ehecatl Orrante Sandoval	2023-10-31
Casa Habitación	Juárez 15, esq. Miguel Hidalgo, 65400, Vallecillo, N.L.	Vallecillo	XIX	Histórico						Se conserva la fachada original	26.65969345652242, -99.98836394811985
Hacienda El Tecolote (Inmueble Casa principal de la hacienda)	San Miguelito, A 13 km. aproximadamente al Sureste, de la cabecera, por brecha	Cadereyta	XIX	Histórico				Esta hacienda y al de San Felipe (Cadereyta), son propiedad de la familia Garza Nieto. Fue hacienda cañera, ignorándose en que fecha dejó de funcionar.							Ehecatl Orrante Sandoval	2023-11-14
Casa Habitación	Independencia 42, 65150 Bustamante, N.L.	Bustamante	XIX	Histórico							""
Casa Habitación	Zaragoza 310, Centro de Carmen, 66550 Carmen, N.L.	El Carmen	XIX	Histórico							25.93249705561176, -100.36485638558548
Casa Habitación 	Washington 201, Santiago, 67310 Santiago, N.L.	Santiago 	XIX 	Histórico
Casa Habitación	CALLE 20 DE NOVIEMBRE SUR 101 OTE CENTRO, Blvd. Benito Juárez ESQ, 20 DE NOVIEMBRE, 67480 Monterrey, N.L.	Cadereyta	XIX	Histórico					Movistar, Andrea, Taquería la Tostada	Vivienda unifamiliar / vivienda plurifamiliar	25.59166516364552, -100.0013379669211				Ehecatl Orrante Sandoval	2023-10-31
Casa Habitación	Zaragoza 118, 66350 Santa Catarina, N.L.	Santa Catarina	XX	Cultural							25.674646, -100.461790
Capilla del Santo Cristo de la Agonía	Prol. Hidalgo S/N, Cabecera Municipal, 66000 García, N.L.	García	XIX	Histórico	1835.0		Barroco	"Erigida alrededor del año 1835 por encargo de Don Joaquín García de la Gaza, la Iglesia está consagrada al Santo Cristo de la Agonía.&nbsp;

Su imponente estructura se construyó con sillar y se caracteriza por estar cubierta con bóvedas de cristal, donde se aprecian pinturas al fresco que narran episodios del Nuevo Testamento.

En el interior de la iglesia destaca un retablo que resguarda la imagen de un Cristo elaborado con pasta de caña, alcanzando una altura de 1.30 metros. Este Cristo comparte similitudes con las representaciones presentes en los templos de Saltillo, Guadalupe y Bustamante, ya que comparte una manufactura tlaxcalteca.

Este lugar sagrado adquiere una relevancia especial al ser el reposo final de dos distinguidas personalidades: Don Joaquín García y su nieto Don Genaro Garza García, ambos ilustres gobernadores de Nuevo León y nativos de esta Villa.&nbsp;"			25.811910856813206, -100.59726452324666
Casa-Habitación	Calle Miguel Hidalgo 118, Sin Nombre de Col 1, 67450 Cadereyta Jiménez, N.L., México	Cadereyta	XX	Bien Inmueble con Valor Cultural					Comercio	Modificado	25.5907543576025, -100.00136867630513				Ehecatl Orrante Sandoval	2023-11-14
Museo El Centenario	C. Libertad 116, Casco Urbano, 66200 San Pedro Garza García, N.L.	San Pedro	XIX	Histórico							25.664654041498796, -100.40179633991181
Casa Habitación	C. Porfirio Díaz 104, Cabecera Municipal, 66000 García, N.L.	García	XVIII	Histórico			Arquitectura vernácula del noreste	"La casa se edificó sobre lo que originalmente fue huerta de la casa principal de los Sepúlveda (una de las familias fundadoras del municipio de García). Presenta una viga fechada en 1723 en la octava viga de izquierda a derecha del segundo galerón.&nbsp;

Aún funciona la acequia que inunda el espacio de la huerta (Palacios 2019). Construcción que data de mediados del Siglo XIX que consta de dos plantas y está hecha a base de adobe y techo de vigas y terrado.&nbsp;

Cuentan que su primer dueño fue la señora Pomposa García, dama acaudalada, descendiente de las primeras familias. Cuenta la tradición que fue asaltada por unos ladrones que la encontraron cocinando sus alimentos, mismos que recolectaba pidiendo a los vecinos, pues era conocida su avaricia. Dicen que después de golpearla, la asesinaron de certera puñalada en el corazón, esta tragedia causo indignación y sorpresa.&nbsp;

Desarrollándose una Leyenda. Se dice que todavía por las noches vaga en el jardín y en la escalera de madera de la finca el alma de aquella mujer y que se pierde en el sitio donde fue asesinada."			25.81123430918848, -100.59290692146638
Casa Habitación 	C. Benito Juárez 507, San Pedro, 67328 Santiago, N.L.	Santiago 	XIX	Histórico							""
Casa Habitación 	Priv. los Rayon 123, Santiago, 67310 Santiago, N.L.	Santiago 	XIX 	Histórico
Casa-Habitación	"Padre Mier 103 esquina con Cuauhtemoc (San Juan Cadereyta)
"	Cadereyta	XX	Bien Inmueble con Valor Cultural				"Tiene una placa de cemento con la fecha de ""1942""."							Ehecatl Orrante Sandoval	2023-11-28
Casa-Habitación	Allende esquina con Juarez	Cadereyta	XX	Bien Inmueble con Valor Cultural						Destruido					Ehecatl Orrante Sandoval	2023-11-19
Casa Habitación	Zaragoza 402, Centro de Carmen, 66550 Carmen, N.L.	El Carmen	XIX	Histórico							25.93161409992813, -100.36486374189298
Capilla Sagrado Corazón de Jesús	A 25 km. por carretera Cadereyta-Allende, desviación al Oriente por brecha 10 km	Cadereyta	XIX	Histórico				La capilla data de la segunda mitad del siglo XIX, y forma parte de la hacienda cañera de La Florida. Continúa abierta al culto.							Ehecatl Orrante Sandoval	2023-11-01
Hacienda de El Canadá	Av. Benito Juárez 211, Centro, 66054 Cd Gral Escobedo, N.L.	Escobedo	XX	Cultural
Casa Habitación	Calle Ignacio Zaragoza 200, Centro, 67350 Cd de Allende, N.L.	Allende	XIX	Histórico					Comercio	La fachada original fué modificada, el predio se encuentra subdividido	25.280307426786134, -100.01879207979498					2023-11-02
Puente del Ferrocarril	A 400m. al Oriente de la población	Cadereyta	XX	Bien Inmueble con Valor Cultural				"Placa: ""American Bridge Company of New York U. S. A. 1910""."	Puente de ferrocarril	Intacto	25.54269114064336, -99.83512566405264				Ehecatl Orrante Sandoval	2023-11-28
Casa Habitación	Vensutiano Carranza 111, 67350 Cd de Allende, N.L.	Allende	XX	Cultural							25.281414332154913, -100.02037505727668
Casa Habitación	C. Juárez 307, Sin Nombre de Col 1, 67450 Cadereyta Jiménez, N.L., México	Cadereyta	XIX	Histórico					Fundación Reynera		25.591390887198543, -99.99875862085729				Ehecatl Orrante Sandoval	2023-10-24
Casa Habitación	Calle Miguel Hidalgo 21, 65150 Bustamante, N.L.	Bustamante	XIX	Histórico							26.533037817323777, -100.50231339183013
Colegio Renacimiento	Degollado, 67310 Santiago, N.L., México	Santiago 	XIX 	Histórico
Casa Habitación	Aldama, 65400, Vallecillo, N.L.	Vallecillo	XIX	Histórico						Se conserva la fachada original	26.659133572346796, -99.98988226645093
Casa Habitación	Hidalgo Oriente Núm. ext. 400, Col. Sin Nombre 1, Cadereyta Jimenez (Entre Francisco I. Madero y Emiliano Zapata)	Cadereyta	XIX	Histórico				"El arco que da acceso al patio, tiene la fecha: "" 1894 ""."	Vivienda unifamiliar / vivienda plurifamiliar		25.59013889, -99.99805556				Ehecatl Orrante Sandoval	2023-10-24
Colegio de Especialidades Jurídicas	Padre Raymundo Jardón 855, Centro, 64000 Monterrey, N.L.	Monterrey	XVIII	Histórico							25.665112404501382, -100.30837099121698
Templo de la Santísima Virgen de Dolores	Ruperto Martínez 333, Centro, 64720 Monterrey, N.L.	Monterrey	XX	Histórico							25.677413275830556, -100.31630952447641
Presidencia Municipal	Hidalgo 100, Centro de Linares, 67700 Linares, N.L.	Linares	XIX	Histórico	1896.0						24.85961015213221, -99.56792011991766	El inmueble fue intervenido en los años 2010-2011
Casa Habitación	C. Juárez 6, 65800 Agualeguas, N.L.	Agualeguas	XIX	Histórico							26.312488, -99.544931
Templo San Pedro	Francisco I. Madero Supermanzana Centro, Centro de Iturbide, 67830 Iturbide, N.L.	Iturbide	XIX	Histórico	1880.0		Arquitectura colonial	"Este encantador templo, erigido alrededor de 1880, destaca por su arquitectura única y su arraigo histórico. La modesta nave rectangular se encuentra completamente rodeada por el atrio, otorgándole un carácter acogedor y distintivo. La entrada principal, marcada por un arco de medio punto, se enmarca elegantemente con pilastras y una cornisa que añaden detalles ornamentales a la fachada.

Un toque de originalidad se manifiesta en una ventana cuatrilobulada, mientras que una espadaña con dos campanas contribuye a la presencia visual del templo. El frontón, aunque minimalista, agrega un elemento de remate, destacando su rebajado diseño y tímpano desnudo. La inclusión de piñones en los extremos completa la estética del conjunto, aportando un delicado equilibrio visual.

Recientemente restaurado, el templo ha sido cuidadosamente preservado, dejando al descubierto el sillar y resaltando su rica textura. Este gesto resalta la conexión tangible con la historia, revelando las huellas del tiempo en la piedra y realzando la autenticidad del edificio.

Más allá de su estructura física, este templo sirve como un testimonio palpable de la devoción y la historia arraigadas en la comunidad. Su restauración no solo ha mantenido su integridad arquitectónica, sino que también ha resaltado la importancia de preservar estos lugares como parte valiosa del patrimonio cultural local."			24.723927192724027, -99.90107329237425
Casa Habitación	Madero y 18 de Marzo, 65400, Vallecillo, N.L.	Vallecillo	XIX	Histórico				Se llama del Perfil Perfecto, porque la construcción de sus muros está hecha a plomo y las essquinas están perfectamente escuadradas a 90 grados.	Museo Casa de la Plomada	Se conserva la fachada original	26.659720911082516, -99.98719683914206
Casa Habitación	""	Abasolo	XIX	Histórico							25.945111, -100.398947
Casa Habitación	Juan Ignacio Ramón 926, Centro, 64000 Monterrey, N.L.	Monterrey	XIX	Histórico				Se presume fue construida hacia 1820. Fue usada como cuartel durante la Revolución.			25.67027610132769, -100.30577474472705
Parroquia de Nuestra Señora de Loreto	15 de Mayo, C. 15 de Mayo, Centro, Centro de Pesquería, 66650 Pesquería, N.L.	Pesquería	XIV	Histórico	1830.0						25.782762204070604, -100.05345986825179
Templo de San Felipe de Jesús	""	China	XIX	Histórico							25.706371, -99.239856
Los Arcos (Inmueble Acueducto de una hacienda)	San Rafael, A 20 km. carretera Cadereyta-Allende, al Pte. por brecha 20 km., aproximadamente	Cadereyta	XIX	Histórico				Dicen los ejidatarios que el acueducto formaba parte de la hacienda La Providencia, la cual no fue posible localizar.							Ehecatl Orrante Sandoval	2023-11-14
Templo de Nuestra Señora del Rosario	Gral. Ignacio Zaragoza 505, Centro de Benito Juárez, 67250 Juárez, N.L.	Juárez	XVIII	Histórico							25.647082143400574, -100.09018141454405
Casa Habitación	Zaragoza, Sin Nombre de Col 1, 67450 Cadereyta Jiménez, N.L. (Esq Josefa Ortíz de Dominguez)	Cadereyta	XIX	Histórico				En esta casa vivió el Sr. Alonso de León Cantú hijo descendiente del capitán Alonso de León, primer cronista de Nuevo León y fundador de esta ciudad de Cadereyta.		Vivienda unifamiliar / vivienda plurifamiliar	25.59236111, -99.99802778				Ehecatl Orrante Sandoval	2023-10-31
Hacienda La Soledad	Valle Hidalgo (El Quemado), 40 km. aprox. de la carr. hacia Allende, desviación al Oriente por brecha 10 km.	Cadereyta	XIX	Histórico				Fue propiedad de la familia Ferrara, de origen Italiano.							Ehecatl Orrante Sandoval	2023-11-14
Casa Habitación	Porfirio Díaz 710, Centro de Sabinas Hidalgo, 65200, N.L.	Sabinas Hidalgo	XIX	Histórico					Comercio	Se conserva la fachada original	26.507754576256715, -100.1790102559892
Centro Mercantíl	Av Manuel Ordoñez 102, Sta Catarina, 66350 Santa Catarina, N.L.	Santa Catarina	XX	Cultural							25.67403814798586, -100.46175185326011
Hacienda Los Potreros	A 20 km. al Sur de la cabecera, por brecha	Cadereyta	XIX	Histórico				"Fue hacienda cañera.&nbsp;
En fachada: ""Al capitán y cronista Alonso de León, quien tuvo su casa en este lugar. El R. Ayuntamiento y la Sociedad de Historia en el 310o. Aniv. de su muerte. 1661-17 de Julio-1971. Cadereyta, N. L."""							Ehecatl Orrante Sandoval	2023-11-01
Almacén, cooperativa	Colón 200, Sta Catarina, 66350 Santa Catarina, N.L.	Santa Catarina	XIX	Histórico							25.674920736711062, -100.46298967941824
Casa-Habitación	Bravo esquina con Progreso (Puede que sea en San Juan)	Cadereyta	XX	Bien Inmueble con Valor Cultural											Ehecatl Orrante Sandoval	2023-11-19
Casa Habitación	C. Juárez 45, 65800 Agualeguas, N.L.	Agualeguas	XIX	Histórico							26.311873126256668, -99.5403130500496
Casa Habitación	Hidalgo Poniente 102, Col., Cadereyta Jimenez 	Cadereyta	XVIII	Histórico					Vivienda unifamiliar / vivienda plurifamiliar		""				Ehecatl Orrante Sandoval	2023-10-24
Casa Habitación	Francisco I. Madero 205, Centro de Carmen, 66550 Carmen, N.L.	El Carmen	XIX	Histórico							25.933280037137052, -100.36377883294043
Templo de San Luis Gonzaga	Miguel Hidalgo y Costilla 280, Centro, 64000 Monterrey, N.L.	Monterrey	XIX	Histórico							25.667555248327005, -100.3192095465569
Hacienda El Tecolote (Inmueble Troje de la hacienda)	San Miguelito, A 12 km. por brecha, al Sureste de la cabecera Municipal	Cadereyta	XIX	Histórico				Esta hacienda y la de San Felipe, son propiedad de la familia Garza Nieto.							Ehecatl Orrante Sandoval	2023-11-14
Casa Habitación 	Raúl Rangel Frías, esq. Mina, Villaldama, N.L.	Villaldama	XVIII	Histórico					Comercio		26.497372696714034, -100.42761707965506
Casa Habitación 	Morelos 202, Santiago, 67310 Santiago, N.L.	Santiago 	XIX	Histórico
Panteón Municipal	5 de Mayo 50, Centro de Carmen, 66550 Carmen, N.L.	El Carmen	XIX	Histórico			Modernista				25.927250073875282, -100.36290686996509
Casa Habitación	Blvd. Benito Juárez 102, Sin Nombre de Col 1, 67450 Cadereyta Jiménez, N.L., México (Esquina 20 de Noviembre)	Cadereyta	XVIII	Histórico				Conserva un placa alusiva de reconocimiento al gobernador del estado Lic. Azrón Sáenz por la inaguración de la carretera Reynosa Monterrey, la cual antiguamente pasaba a un costado del templo y plaza principal.	Domino's Pizza		25.591686648984332, -100.0014580163887				Ehecatl Orrante Sandoval	2023-10-24
Comercio, tienda de abarrotes	Gonzalitos 401, Sin Nombre de Col 1, 67450 Cadereyta Jiménez, N.L., México (Esquina Josefa Ortiz de Dominguez)	Cadereyta	XVIII-XIX	Histórico				Es uno de los primeros inmuebles que se construyeron en este sitio, data de 1750 a 1795, y fue realizado por las mismas personas que edificaron la catedral de San Juan Bautista. La casa actual es de finales del siglo XIX.	Vivienda unifamiliar / vivienda plurifamiliar		25.58908333, -99.99825000				Ehecatl Orrante Sandoval	2023-10-24
Casa Habitación	Calle Miguel Hidalgo 406 y 408, 65150 Bustamante, N.L.	Bustamante	XIX	Histórico	1855.0			Inmueble construido aproximadamente entre 1855 y 1860. Datos proporcionados por la Sra. Isabel García vda. de Sepúlveda, actual propietaria.	Casa Habitación	Se conserva la fachada original	26.53361790048903, -100.5026081591137
Templo del Sagrado Corazón	C. Morelos, 66850 Los Herreras, N.L.	Los Herrera	XIX	Histórico	1952.0		Barroco	"Este inmueble, con una construcción que abarca diversas épocas entre el siglo XIX y el XX, se erige como una estructura fascinante y rica en matices. El uso de piedra amolar confiere una solidez y elegancia notables a esta planta de cruz latina, que se compone de una nave principal y un ábside semicircular.

La fachada, que guarda similitudes con el barroco colonial, se presenta de manera más sobria, destacando especialmente el contraste entre la piedra utilizada en la torre y el aplanado que recubre el cuerpo de acceso. Un pórtico, probablemente añadido en una segunda etapa de construcción, se destaca por una cubierta plana que reposa sobre cuatro pilares angulares, cada uno apoyado en plintos o pedestales. En la parte superior de este pórtico, se dispone un espacio dedicado a la imagen de la advocación del templo, con un remate en forma de frontón ondulado coronado por una cruz.

El ingreso al templo se realiza a través de un vano en arco de medio punto con impostas destacadas, proporcionando una entrada majestuosa. La torre, que incorpora un reloj y el campanario, adopta la forma de un baldaquino con apilastrados y está coronada por una cúpula que añade una dimensión arquitectónica única. Una inscripción fechada el 31 de agosto de 1952 en la torre marca un momento significativo en la historia del templo.

Este inmueble se erige como un testimonio arquitectónico y cronológico, donde las diferentes etapas de construcción se entrelazan para crear una estructura única y rica en detalles. La combinación de elementos barrocos, la elegancia de la piedra y la inserción cuidadosa de adornos a lo largo de los años lo convierten en un patrimonio cultural que merece ser explorado y apreciado."			25.905411976148454, -99.40216567116366
Biblioteca Municipal profesora Josefina Mata Siller / Antigua casa de Agustín Siller Garza	C. Libertad 148, Centro, 66200 San Pedro Garza García, N.L.	San Pedro	XIX	Histórico							25.665056, -100.403128
Casa Habitación	Gral. Ignacio Zaragoza 101, Cabecera Municipal (Apodaca), Centro, 66600 Cd Apodaca, N.L.	Apodaca	XIX	Histórico					Comercio	Se conserva la fachada original	25.781043248959648, -100.18877746414945
Casa Habitación	Juarez 206, Santiago NL	Santiago 	XIX	Histórico
Catedral de San Felipe Apóstol	José María Morelos 100, Sin Nombre de Col 4, 67700 Linares, N.L.	Linares	XVIII	Histórico	1712.0						24.8591837195502, -99.5676634088389
Casa Habitación 	Treviño 207, El Cercado, 67300 Santiago, N.L.	Santiago 	XIX 	Histórico 					Segun el inah es un oxxo
Casa Habitación	Guerrero 270, 66670 Dulces Nombres, Pesquería N.L.	Pesquería	XIX	Histórico							25.729169138330974, -100.08267167661859
Casa Habitación	Calle Miguel Hidalgo 201, Sta Catarina, 66350 Santa Catarina, N.L.	Santa Catarina	XX	Cultural							25.673156, -100.460549
Templo Nuestra Señora de Guadalupe	Francisco I. Madero 305, Centro de Carmen, 66550 Carmen, N.L.	El Carmen	XIX	Histórico			Barroco	"Este templo, erigido en el siglo XIX, presenta una estructura de una sola nave, acompañada por un campanario de dos niveles cuyo portón de acceso exhibe una ornamentación sencilla sobre un arco de medio punto. La fachada principal, destacada por un frontis con remate mixtilíneo y piñones que enmarcan una figura de la Virgen de Guadalupe, se distingue por una ornamentación más elaborada en comparación con otros templos de la región.

Es notable la riqueza ornamental, especialmente a través de pilastras y semicolumnas sobre pedestales, que fragmentan de manera detallada la superficie de la fachada en un espacio relativamente reducido.&nbsp;

Esta profusión ornamental incrementa la plasticidad del conjunto, brindando al templo una estética única. Aunque el uso de los órdenes escapa a los principios clásicos, empleándose más como elementos decorativos que como parte de un sistema de proporciones, esta elección estilística confiere al templo una identidad visual única.

En la década de los setenta, el templo fue sometido a trabajos de remodelación, evidenciando un esfuerzo continuo por preservar y mantener este importante lugar de culto. Una característica destacada del templo es la presencia de una talla de Cristo de casi tamaño natural, esculpida en madera y policromada, que probablemente data de fines del siglo XVIII o principios del XIX, añadiendo una dimensión histórica y devocional a este venerado espacio religioso."			25.932887659060984, -100.3637249671799
Casa Habitación	Hidalgo, Entre Ferrocarril y Bravo	Cadereyta	XIX	Histórico											Ehecatl Orrante Sandoval	2023-11-01
Casa Habitación Inmueble 	Morelos 114, Centro, 67310 Santiago, N.L.	Santiago 	XIX 	Histórico 					Mitad La Postreria, mitad casa de la cultura
Capilla del Señor San José	Mirador de San Antonio, 67259 San Antonio, N.L.	Juárez	XX	Cultural							25.638787, -100.059207
Templo del Sagrado Corazón de Jesús	5 de Mayo 545, Centro, 64000 Monterrey, N.L.	Monterrey	XIX	Histórico							25.67314974955625, -100.30985178390188
Casa Habitación	Raul Rangel Frias 109, Villaldama, N.L.	Villaldama	XIX	Histórico						Fachada modificada	26.497335718355753, -100.42553448623546
Casa Habitación	Calle Miguel Hidalgo 117, Sin Nombre de Col 1, 67450 Cadereyta Jiménez, N.L., México(Entre Progreso y 20 de Noviembre)	Cadereyta	XIX	Histórico					Vivienda unifamiliar / vivienda plurifamiliar		25.590588, -100.002398				Ehecatl Orrante Sandoval	2023-10-24
Casa Habitación	Treviño 303, El Cercado, 67320 Santiago, N.L.	Santiago 	XIX	Histórico 					Lavanderia
Casa Habitación	Blvd. Benito Juárez 201, Sin Nombre de Col 1, 67450 Cadereyta Jiménez, N.L., México (Esquina Progreso)	Cadereyta	XIX	Histórico					Esquina Gonzales S.A. De C.V.		25.591681521201355, -100.00283258757025				Ehecatl Orrante Sandoval	2023-10-24
Casa Habitación	Juan de Dios Treviño 105, Cabecera Municipal, 66000 García, N.L.	García	XVIII	Histórico	1800.0		Arquitectura vernácula del noreste	"La casona, con una rica historia que se remonta a 1800, desempeñó un papel crucial en el desarrollo de la región entre los años 1958 y 1985. Durante este período, la estructura funcionó como la Agencia de Servicio Postal Mexicano del siglo XX, desempeñando un papel fundamental en la comunicación y el intercambio de correspondencia en la época.

Posteriormente, la casona se convirtió en el hogar de la Forestal (Federación de Cooperativas Libres), una entidad que desempeñó un papel vital en la industria local. En este contexto, la construcción se convirtió en un centro neurálgico para la recolección y procesamiento de ixtle, un material fibroso obtenido a partir de la lechuguilla recolectada por los ejidatarios de la región en los cerros circundantes.

La Forestal desempeñó un papel esencial al actuar como intermediario entre los productores locales y las fábricas industriales. Todo el ixtle recopilado de los ejidatarios se canalizaba a través de esta casona histórica antes de ser entregado a las instalaciones industriales para su procesamiento. Este proceso no solo impulsó la economía local sino que también resaltó la importancia de la casona como un punto central en la cadena de suministro de un recurso vital para diversas industrias."			25.812479984637367, -100.59358665873478
Templo de Nuestra Señora de Guadalupe	Calle Alfonso Martínez Domínguez, Francisco I. Madero 211, Abasolo, N.L.	Abasolo	XIX	Histórico	1820.0		Neocolonial	"Construido entre 1820 y 1830 en un estilo neocolonial, este templo, elaborado en sillar, es una joya arquitectónica que ha resistido el paso del tiempo.&nbsp;

La majestuosa torre, erigida en 1862, destaca como un testimonio de la habilidad artística de la época.

A lo largo de los años, el templo experimentó desafíos, y su deteriorado estado llevó al cierre temporal. Sin embargo, en 1951, fue sometido a una cuidadosa reconstrucción que incluyó la habilitación del atrio, devolviéndole su esplendor original.

El interior del templo alberga un tesoro artístico: un óleo pintado por José Alcíbar García en 1760, que adorna el altar y añade una dimensión histórica a este lugar sagrado.

La disposición arquitectónica revela una nave principal imponente, con la torre elevándose majestuosamente en el lado derecho. La fusión del cuerpo bajo de la torre con la fachada principal crea una conexión visual única. La parte superior de la torre, más esbelta, introduce una perspectiva acelerada, conferiéndole una apariencia imponente y elevada.

La fachada del templo culmina en una elegante cornisa con extremos avolutados y piñones, interrumpida en su centro para albergar una imagen de la Virgen. En este punto, la cornisa adopta un perfil mixtilíneo, agregando un toque artístico y devocional al conjunto.

El acceso al templo se presenta de manera monumental, resuelto como un arco triunfal, destacando con pilastras superiores que añaden un elemento decorativo a la entrada."			25.94481955229056, -100.39853607992679
Comercio	Francisco T. Casso # 17, ESQ. Morelos, Centro, 65800 Agualeguas, N.L.	Agualeguas	XIX	Histórico							26.311068997486824, -99.5400052177711
